OSS_KEYWORD,Keyword_Category
air conditioner,Air Conditioner
air conditioner portable,Air Conditioner
portable ac,Air Conditioner
portable air conditioner,Air Conditioner
portable air conditioners,Air Conditioner
airpods,Airpods
airpods pro,Airpods
amazon ptime,Amazon
amazon shopping online official site,Amazon
amazon shopping search,Amazon
amazon tel√©fonos,Amazon
amazon.,Amazon
amazon7,Amazon
amazonbasics,Amazon
lamazon prime,Amazon
live chat,Amazon
mazon prime,Amazon
pime tv,Amazon
prime day deals 2021,Amazon
prime video,Amazon
prime videos,Amazon
primw,Amazon
subscriptions on prime,Amazon
watch now on prime,Amazon
apple watch,Apple Watch
air fryer,Appliance
fan,Appliance
generator,Appliance
mini fridge,Appliance
space heater,Appliance
amanda gorman,Author
shower curtain,Bathroom
weighted blanket,Bedding
and to think i saw it on mulberry street,Book
and to think that i saw it on mulberry street,Book
chaos monkeys,Book
dr seuss,Book
if i ran the zoo,Book
peril bob woodward,Book
wheel of time,Book
b0881yrvh7|b0872fv1bn|b0872gbrqt|b0872fz3rq|b086h4qsbg|b0881ysjnm|b07hxnlgm7|b0872gbg16|b08d9t73yq|b086h5yg5h,Books
iphone 13 case,Cellphone
iphone 13 pro case,Cellphone
iphone 13 pro max case,Cellphone
iphone 13 pro max screen protector,Cellphone
otterbox,Cellphone
pixel 6,Cellphone
pixel 6 case,Cellphone
pixel 6 pro,Cellphone
pixel 6 pro case,Cellphone
s22 ultra case,Cellphone
kanye,Clothing
squid game costume,Clothing
acer predator x34,Computer
asus proart pa32ucg,Computer
crypto wallet,Computer
eluktronics prometheus,Computer
external hard drive,Computer
gaming pc,Computer
headphones,Computer
ipad,Computer
keyboard,Computer
kindle,Computer
laptop,Computer
laptop stand,Computer
monitor,Computer
mouse,Computer
mouse pad,Computer
optiplex 7070 ultra desktop,Computer
ps5,Toy & Games
ps5 console,Toy & Games
sony wh-1000xm5,Computer
spatium m470,Computer
ssd,Computer
tablet,Computer
tpm chip,Computer
usb hub,Computer
webcam,Computer
wireless earbuds,Computer
wireless mouse,Computer
xbox series x,Computer
at home covid test,Covid Test
binaxnow covid-19 rapid test kit,Covid Test
covid 19 test kit at home,Covid Test
covid test,Covid Test
covid testing kit for home rapid test,Covid Test
earbuds,Cellphone
groundhog day,Miscellaneous
black mask best masks by gf gian ferrente,Face Masks
face mask,Face Masks
disposable face masks,Face Masks
kf94 mask,Face Masks
kn95,Face Masks
kn95 face mask,Face Masks
kn95 face masks,Face Masks
kn95 mask,Face Masks
n95,Face Masks
n95 face masks fda approved covid made in usa,Face Masks
n95 mask,Face Masks
n95 masks,Face Masks
n95 masks for virus protection made in usa,Face Masks
shoe rack,Furnitiure
desk,Furniture
gaming chair,Furniture
office chair,Furniture
standing desk,Furniture
amazon gift card,Gift Card
gift card,Gift Card
gift cards,Gift Card
3060,Graphics card
3070 ti,Graphics card
3080 ti,Graphics card
6700 xt,Graphics card
nvidia 3060,Graphics card
nvidia rtx 2060,Graphics card
rtx 3050,Graphics card
rtx 3050 graphics card,Graphics card
rtx 3060 ti,Graphics card
rtx 3070,Graphics card
rtx 3070 ti,Graphics card
rtx 3080,Graphics card
rtx 3080 ti,Graphics card
avocado,Grocery
baby formula,Grocery
bananas,Grocery
bread,Grocery
chicken,Grocery
chocolate,Grocery
coffee,Grocery
eggs,Grocery
frozen pizza,Grocery
matcha green tea powder by enzo organic selection,Grocery
milk,Grocery
paper towels,Grocery
peanut butter,Grocery
protein powder,Grocery
toilet paper,Grocery
water,Grocery
screws,Hardware
chlorophyll,Healthcare
creatine,Healthcare
ivermectin,Healthcare
massage gun,Healthcare
nac,Healthcare
oxygen concentrator,Healthcare
potassium iodide,Healthcare
quercetin mt. angel vitamins,Healthcare
toothpaste,Healthcare
vitamin d3 k2 mt. angel vitamins,Healthcare
christmas decorations,Holiday
christmas lights,Holiday
christmas movies,Holiday
christmas tree,Holiday
easter basket,Holiday
easter basket stuffers,Holiday
fathers day,Holiday
fathers day gifts,Holiday
halloween,Holiday
halloween costumes,Holiday
halloween costumes for men,Holiday
halloween costumes for women,Holiday
halloween decorations,Holiday
mother's day gifts,Holiday
mothers day,Holiday
mothers day card,Holiday
mothers day gifts,Holiday
mothers day gifts from daughter,Holiday
valentines day gifts for her,Holiday
valentines day gifts for him,Holiday
masks,Face Masks
a quiet place,Miscellaneous
i alone can fix it,Miscellaneous
johnny the walrus,Miscellaneous
master,Miscellaneous
maus,Miscellaneous
scsossw,Miscellaneous
smsxon,Miscellaneous
steam deck,Miscellaneous
ukraine flag,Miscellaneous
upload,Miscellaneous
dexter,Movie
drishyam 2,Movie
dune,Movie
evangelion,Movie
evangelion 3.0 1.0,Movie
everyday sling,Movie
everything everywhere all at once,Movie
expanse,Movie
family man,Movie
free guy,Movie
grand tour,Movie
halo,Movie
icarly,Movie
independence day,Movie
invincible,Movie
jai bhim,Movie
jathi ratnalu,Movie
kgf chapter 2,Movie
legend of vox machina,Movie
leverage redemption,Movie
lost ark,Movie
marvelous mrs maisel,Movie
minari,Movie
monster hunter rise,Movie
mortal kombat,Movie
narappa,Movie
narappa telugu movie,Movie
new world,Movie
no time to die,Movie
nobody,Movie
nomadland,Movie
oculus quest 2,Movie
outer range,Movie
panchayat,Movie
panchayat season 2,Movie
pushpa,Movie
pushpa telugu movie,Movie
radhe shyam movie,Movie
reacher,Movie
rick and morty,Movie
rick and morty season 5,Movie
sardar udham,Movie
sarkaru vaari paata,Movie
shershaah,Movie
spiderman,Movie
spiderman no way home,Movie
squishmallow,Movie
star wars,Movie
tandav,Movie
the boys,Movie
the boys season 3,Movie
the expanse,Movie
the legend of vox machina,Movie
the office,Movie
the summer i turned pretty,Movie
the tomorrow war,Movie
the wilds,Movie
them,Movie
tomorrow war,Movie
top gun,Movie
tuck jagadish,Movie
venom,Movie
vox machina,Movie
yellowstone season 4,Movie
nintendo switch,Toy & Games
nintendo switch oled,Toy & Games
backpack,Outdoor
locking outdoor outlet cover,Outdoor
peak design v2 20l,Outdoor
trash can,Outdoor
umbrella,Outdoor
flowers,Plants
printer,Printer
rtx 3060,rtx 3050
black friday deals 2021,Sales
pepper spray,Security
ring doorbell,Security
sunscreen,Skincare
nfl,Sports
super bowl,Sports
superbowl,Sports
superbowl 2022,Sports
thursday night football,Sports
fidget toys,Toy & Games
kirby and the forgotten land nintendo switch,Toy & Games
lego,Toy & Games
lego for adults,Toy & Games
lego star wars the skywalker saga,Toy & Games
metroid dread,Toy & Games
animal crossing amiibo cards series 5,Toy & Games
gpd win,Toy & Games
gpd win max,Toy & Games
nintendo switch games,Toy & Games
playstation 5,Toy & Games
playstation 5 console,Toy & Games
pokemon brilliant diamond,Toy & Games
pokemon cards,Toy & Games
pokemon legends arceus nintendo switch,Toy & Games
pokemon snap,Toy & Games
shin megami tensei v,Toy & Games
switch oled,Toy & Games
fire tv stick,TV
tv,TV
squid game,TV 
better call saul,Movie
better call saul season 6,Movie
bosch legacy,Movie
coming to america,Movie
coming to america 2,Movie
gehraiyaan hindi movie,Movie
jathi ratnalu telugu movie,Movie
vakeel saab telugu movie,Movie
elden ring,Toy & Games
berserk,Miscellaneous